pid,product_name,create_date,create_time
1,1 LTR COOLANT ( TVS ),2025-03-31,22:50:21
2,1 LTR TQ ( BALMEROL ),2025-03-31,22:50:21
3,1 LTR. GULF DURAMAX,2025-03-31,22:50:21
4,1 LTR. LALGHORA,2025-03-31,22:50:21
5,"1-1/2""C/S BOLT",2025-03-31,22:50:21
6,1/2 KG GREASE ( WHITE ),2025-03-31,22:50:21
7,1/2 KG GREASE (CASTROL),2025-03-31,22:50:21
8,1/2 LTR BRAKE OIL (TVS),2025-03-31,22:50:21
9,1/2 LTR COOLANT ( TVS ),2025-03-31,22:50:21
10,1/2 LTR TQ (BALMEROL),2025-03-31,22:50:21
11,1/2 LTR.BRAKE OIL (TVS),2025-03-31,22:50:21
12,"10 NO 1"" NUT BOLT",2025-03-31,22:50:21
13,"10"" CONVEX LOOKING GLASS",2025-03-31,22:50:21
14,100G GREASE,2025-03-31,22:50:21
15,100G GREASE (BALMEROL ),2025-03-31,22:50:21
16,100GRM.GREASE,2025-03-31,22:50:21
17,10LTR. DISTILLED WATER,2025-03-31,22:50:21
18,10MM SPRING WASHER,2025-03-31,22:50:21
19,12:13 DAL RANGE,2025-03-31,22:50:21
20,12V HEADLIGHT RELAY (ROOTS),2025-03-31,22:50:21
21,15 AMP FUSE,2025-03-31,22:50:21
22,16:17  DAL RANGE,2025-03-31,22:50:21
23,1LTR 90 GEAR OIL ( GOOD YEAR),2025-03-31,22:50:21
24,1LTR AUTO SHAKTI,2025-03-31,22:50:21
25,1LTR COOLANT (GOOD YEAR),2025-03-31,22:50:21
26,1LTR COOLANT  (CASTROL),2025-03-31,22:50:21
27,1LTR EP 140 GEAR OIL (GOOD YEAR),2025-03-31,22:50:21
28,1LTR GULF DURAMAX,2025-03-31,22:50:21
29,1LTR GULF LEMAX,2025-03-31,22:50:21
30,1LTR LALGHORA,2025-03-31,22:50:21
31,1LTR MILCY TURBO,2025-03-31,22:50:21
32,"2"" HOSE CLAMP",2025-03-31,22:50:21
33,25 AMP. FUSE,2025-03-31,22:50:21
34,250 ML.BRAKE OIL (TVS),2025-03-31,22:50:21
35,250ML. BRAKE OIL ( CASTROL ),2025-03-31,22:50:21
36,250ML. BRAKE OIL DOT 4 (TVS),2025-03-31,22:50:21
37,250ML.BRAKE OIL (CASTROL),2025-03-31,22:50:21
38,"3/8 3"" NUT BOLT",2025-03-31,22:50:21
39,3/8 PLANE WASHER,2025-03-31,22:50:21
40,40 AMP. FUSE,2025-03-31,22:50:21
41,5 MM WEAR,2025-03-31,22:50:21
42,5LTR DISTILLED WATER,2025-03-31,22:50:21
43,6004 BEARING (HCH),2025-03-31,22:50:21
44,6203 BEARING (HCH),2025-03-31,22:50:21
45,6204 BEARING (HCH),2025-03-31,22:50:21
46,ACE CUT HOSE (JK),2025-03-31,22:50:21
47,ACE HIT PLUG (BOSCH),2025-03-31,22:50:21
48,ACE LOOKING GLASS,2025-03-31,22:50:21
49,ACE RA1164 BRAKE PIPE,2025-03-31,22:50:21
50,ACE RADIATOR CAP ( TATA ),2025-03-31,22:50:21
51,BLACK TAPE,2025-03-31,22:50:21
52,BLINDING NUT,2025-03-31,22:50:21
53,CANTER LOOKING GLASS,2025-03-31,22:50:21
54,CHEMBUR BOLT+NUT,2025-03-31,22:50:21
55,CLUTCH PADDLE SPRING ( PATAL ),2025-03-31,22:50:21
56,CLOTH (H),2025-03-31,22:50:21
57,EE 432 V BELT,2025-03-31,22:50:21
58,EE 472 V BELT,2025-03-31,22:50:21
59,EE 572 V BELT,2025-03-31,22:50:21
60,EE 572 V BELT,2025-03-31,22:50:21
61,EE 622 V BELT,2025-03-31,22:50:21
62,EK 418 V BELT,2025-03-31,22:50:21
63,EK 458 V BELT,2025-03-31,22:50:21
64,EK 568 V BELT,2025-03-31,22:50:21
65,EK 608 V BELT,2025-03-31,22:50:21
66,EXTRA NUT,2025-03-31,22:50:21
67,FEVIKWIK,2025-03-31,22:50:21
68,FEVIKWIK @10,2025-03-31,22:50:21
69,HONDA LOOKING GLASS,2025-03-31,22:50:21
70,HORN CLIP,2025-03-31,22:50:21
71,HOSE CLAMP,2025-03-31,22:50:21
72,HOSE CLAMP (JOLLY),2025-03-31,22:50:21
73,HOSE CLAMP (SIPPY),2025-03-31,22:50:21
74,INDICATOR GLASS,2025-03-31,22:50:21
75,J 2 A HOSE CLAMP,2025-03-31,22:50:21
76,J00M HOSE CLAMP (JOLLY),2025-03-31,22:50:21
77,MINI TURBO LOOKING GLASS,2025-03-31,22:50:21
78,PLANE WASHER,2025-03-31,22:50:21
79,PUSH-PULL SWITCH (ROOTS),2025-03-31,22:50:21
80,STEEL WASHER,2025-03-31,22:50:21
81,TIROD SPEED PIN,2025-03-31,22:50:21
82,VAN TYPE 1 LOOKING GLASS,2025-03-31,22:50:21
83,MOBIL OIL CASTROL 1LIT,2025-04-06,21:33:13
84,1109 Cross Holder,4/9/2025,00:17:05
85,Front speed pin,4/9/2025,00:20:50
86,Ace Timing Oilseal,4/9/2025,00:22:25
87,1312 Silencer Packing,4/9/2025,00:24:49
88,Cutting Shaft Bolt Nut,4/9/2025,00:26:11
89,1/2 Ltr Lalghora,4/9/2025,00:37:44
90,43T 12V Head Light Lamp (Roots),4/9/2025,14:10:24
91,Ace Cross Holder N/M Sunflag,4/9/2025,14:12:54
92,651 Dyaform,4/9/2025,14:14:59
93,Ace Head Gasket,4/9/2025,14:16:43
94,2T Pouch,4/9/2025,14:18:01
95,100ml. Brake oil KBX,4/9/2025,14:20:46
96,32211 Bearing Sunflag,4/9/2025,14:26:23
97,3/8 1-1/2 Clatch bolt,4/9/2025,14:28:29
98,3/8 Clatch bolt nut,4/9/2025,14:30:13
99,"4"" Centre bolt",4/9/2025,14:32:44
100,6006 Bearing HCH,4/9/2025,14:33:41
102,1 Ltr TQ HP,4/9/2025,14:37:41
101,TQ HP,4/9/2025,14:37:10
103,1 Ltr 90 Gear oil HP,4/9/2025,14:44:29
104,1 Kg Grease Black,4/9/2025,14:46:20
105,608 Bearing HCH,4/9/2025,14:50:24
106,"3"" Centre bolt",4/9/2025,14:51:52
107,Ace Side Washer,4/9/2025,14:52:41
108,6207 Bearing NBC,4/9/2025,14:53:54
109,Ace Rear Inner Oilseal RSK,3/28/2025,14:55:19
110,Ace Rear Outer oilseal Sunflag,4/9/2025,14:57:10
111,Anabond,4/9/2025,15:00:07
112,"Ace 7"" U Bolt",4/9/2025,15:00:56
113,Ace Rear Bearing Socket,4/9/2025,15:01:49
114,6205 Bearing HCH,4/9/2025,15:05:33
115,1109 Gear Liver Kit Fatafat,4/9/2025,15:08:50
116,709 Front engine mounting Right Coup,4/9/2025,16:00:02
117,709 Mounting bolt,4/9/2025,16:15:59
118,Rear mounting Washer,4/9/2025,16:20:17
119,EE 462 V Belt,4/9/2025,16:21:16
120,SE Indicator glass,4/9/2025,16:23:47
121,1141 Lamp Comet,4/9/2025,16:24:47
122,407 Front engine mounting Left Sainik,4/9/2025,18:12:43
123,"10 No 1"" Nut bolt",4/9/2025,21:28:49
124,43 T 24 V Head light lamp Phoenix,4/9/2025,23:48:36
125,24 V 53 lamp Comet,4/9/2025,23:50:30
126,M Seal,4/10/2025,00:07:17
127,"Ace 6.5"" U bolt",4/10/2025,17:13:57
128,Ace U bolt Buffer,4/10/2025,17:15:11
129,"3.5"" Centre bolt",4/10/2025,17:17:03
130,"SE Rear 6"" Patti clamp",4/10/2025,17:18:19
131,EK 648 V Belt,4/10/2025,19:33:49
132,Battary Tarminal,4/10/2025,20:42:40
133,3 Ltr Coolent Castrol,4/11/2025,15:56:10
134,Ace looking glass CI,4/11/2025,15:57:12
135,Head light holder,4/11/2025,22:45:41
136,10 No. Nut,4/11/2025,22:47:22
137,Ace Patti Bush,4/12/2025,16:29:12
138,"Ace 2"" U bolt",4/12/2025,16:29:59
139,Nozel Double Washer,4/12/2025,23:57:10
140,"1"" L Hose",4/14/2025,16:16:55
141,17 No. Banjo Washer,4/14/2025,16:18:01
142,EK 728 V Belt,4/14/2025,16:19:07
143,"3/8 1"" Nut bolt",4/14/2025,16:21:13
144,WD 40 Small,4/14/2025,19:50:20
145,Intra Looking Glass LH,4/14/2025,19:51:29
146,1/2 Ltr Brake oil Castrol,4/15/2025,23:57:20
147,Screw driver,4/17/2025,00:20:34
148,Ace Cam Oilseal,4/17/2025,00:06:05
149,Ace Tapid Cover Packing,4/18/2025,00:09:32
150,1/2 Kg Grease Balmerol,4/18/2025,00:11:51
151,"SE 5"" Patti clamp",4/18/2025,00:13:07
152,"1/2""  4"" Clamp Bolt",4/18/2025,00:14:12
153,"3/8  1"" Bolt",4/18/2025,00:15:55
154,Ace Silencer Mounting,4/18/2025,00:16:59
155,EE 362 V Belt,4/18/2025,00:18:06
156,12 Volt TT Horn Roots,4/18/2025,00:21:36
157,"1:1/2"" Cutting Shaft Bolt",4/18/2025,16:33:58
158,3/8 Mounting Washer,4/18/2025,16:35:13
159,Ace Cutting Shaft Bolt,4/18/2025,16:36:00
160,10:11 Dal range,4/18/2025,16:36:52
161,3/8  1:1/2 Nut bolt,4/18/2025,16:37:29
162,"1/4. 1"" Nut bolt",4/18/2025,16:38:43
163,1/4 Plane washer,4/18/2025,16:40:49
164,1/4 Steel Washer Local,4/18/2025,16:41:51
165,EK 778 V Belt,4/18/2025,23:41:32
166,EK 528 V Belt,4/21/2025,14:47:40
167,40 Clutch Finger Bush,4/23/2025,00:13:12
168,H 712 Lamp Comet,4/23/2025,00:16:51
169,980 Fan Belt,4/23/2025,00:19:14
170,320/32 X Bearing Sunflag,4/23/2025,16:34:04
171,30204 Bearing Sunflag,4/23/2025,16:35:15
172,Ace Front Oilseal,4/23/2025,16:38:32
173,Hydrometer,4/23/2025,22:43:56
174,5/8 Plane washer,4/24/2025,22:35:25
175,Dholki Hose EPDM,4/24/2025,22:37:28
176,9 No. Plastic Pipe Socket,4/25/2025,20:36:35
177,EK 438 V Belt,4/25/2025,20:38:28
178,6201 Bearing HCH,4/25/2025,22:21:39
179,1 Ltr CRB Esential,4/26/2025,19:36:38
180,WD 40 Midium,4/26/2025,19:38:45
181,1 Ltr. RX Super,4/26/2025,23:11:48
182,1 Ltr Coolent JK,4/29/2025,00:38:12
183,EK 738 V Belt,4/29/2025,21:26:24
184,Banjo Washer Big,4/29/2025,21:27:17
185,EK 428 V Belt,4/30/2025,16:07:42
186,60 AMP Main Fuse,4/30/2025,16:29:51
187,5/16 Coolent Pipe JK,4/30/2025,23:55:07
188,EE 342 V Belt,5/1/2025,21:52:00
189,33211 Bearing Sunflag,5/1/2025,21:54:34
190,32308 Bearing Sunflag,5/1/2025,21:55:25
191,912 Front Oilseal,5/1/2025,21:56:05
192,3 Ltr Mini truck,5/2/2025,17:36:06
193,Ace Mobil Filter Tata,5/2/2025,17:36:55
194,"1/4 (2-1/2)"" Nut bolt",5/2/2025,17:40:35
195,"10"" Centre bolt S/H",5/2/2025,17:42:19
196,912 Front Patti Bush Iron,5/2/2025,17:43:10
197,Cloth Full,5/2/2025,23:42:16
198,14:15 Dal range,5/3/2025,16:28:59
199,Resibond,5/3/2025,16:39:50
200,EK 748 V Belt,5/3/2025,20:04:32
201,2 Kg. Grease Castrol,5/5/2025,00:49:28
202,EE 392 V Belt,5/5/2025,23:21:40
203,Ace Coolent Pipe,5/5/2025,23:22:39
204,15 AMP Mini Fuse,5/6/2025,23:06:19
205,Canter Looking glass,5/8/2025,00:00:45
206,Cutting plas,5/8/2025,00:05:40
207,Air controler Chata,5/8/2025,20:38:17
208,912 Radiator cap,5/8/2025,20:39:28
209,1/2 Ltr Gear oil Good year,5/9/2025,19:43:19
210,Emary paper Red,5/9/2025,19:47:32
211,19 No. Mounting Washer,5/9/2025,19:48:42
212,1/2 Kg. Grease Black,5/9/2025,23:58:11
213,3 Ltr. CRB Esential,5/11/2025,23:56:06
214,"19/19 Diesel pipe 36""",5/12/2025,23:58:03
215,12 V 53 Lamp Comet,5/13/2025,21:48:37
216,12 V Vibronic Horn Roots,5/15/2025,00:25:04
217,2 Ltr. Castrol Active,5/15/2025,20:04:28
218,1/2 Ltr. Coolent Castrol,5/15/2025,20:05:30
219,EE 452 V Belt,5/15/2025,20:07:13
220,1 Ltr. Castrol Active,5/16/2025,00:15:42
221,Araldite,5/16/2025,22:55:27
222,EK 498 V Belt,5/16/2025,22:57:10
223,6/18 Baby Servo Kit,5/16/2025,23:51:35
224,Brass,5/17/2025,23:57:08
225,200 G. Grease Castrol,5/19/2025,20:38:43
226,EE 552 V Belt,5/19/2025,20:40:06
227,EK 448 V Belt,5/19/2025,20:41:15
228,100 G. Grease SKF,5/20/2025,15:17:33
229,2 Kg. Grease White,5/20/2025,15:20:40
230,1 Ltr. EP 140 Gear oil HP,5/20/2025,15:22:36
231,EK 708 V Belt,5/20/2025,15:30:30
232,RTV Red M Seal,5/20/2025,15:33:50
233,TC Nozel Washer,5/20/2025,15:36:29
234,18 No. Wheel Range,5/20/2025,16:01:07
235,Maruti Battery Terminal,5/21/2025,00:32:08
236,Ace Radiator Mounting,5/21/2025,00:39:35
237,Ace Elbow,5/21/2025,00:43:59
238,Ace Elbow Packing,5/21/2025,00:45:36
239,1016 Lamp Comet,5/21/2025,00:49:26
240,"5/16 Clatch bolt 1""",5/23/2025,20:32:33
241,EK 378 V Belt,5/23/2025,21:45:03
242,EK 368 V Belt,5/23/2025,21:46:01
243,1/2 Ltr. CRB Mini truck,5/24/2025,20:31:38
244,EK 698 V Belt,5/24/2025,20:33:08
245,Oil Can,5/26/2025,23:46:10
246,Ace Air Filter Tata Autocomp,5/27/2025,20:04:22
247,EE 602 V Belt,5/27/2025,20:08:59
248,12 V Horn Relay Roots,5/28/2025,00:27:31
249,4 MM Wear,5/28/2025,00:29:03
250,6208 Bearing Sunflag,5/28/2025,18:27:42
251,H 1 Head Light Lamp Roots 12 V,5/28/2025,18:30:02
252,"1/2"" Chember Bolt",5/29/2025,17:31:14
253,"17"" Wiper Blade Wipex",5/29/2025,17:32:02
254,30 AMP. Fuse,5/30/2025,00:16:27
255,Ace Clatch Cable Tata Ficosa,5/30/2025,14:35:50
256,EE 652 V Belt,5/30/2025,14:40:42
257,Ace Timing Belt TATA,5/30/2025,14:42:48
258,Ace Tapid Cover Packing,5/30/2025,15:04:03
259,EK 388 V Belt,5/30/2025,15:56:11
260,EK 468 V Belt,5/30/2025,17:33:57
261,Fevikwik Gel,5/30/2025,17:35:20
262,1280 Fan belt,5/30/2025,23:30:00
263,Ace Rear Brake su KBX Type Bosch,5/31/2025,23:27:16
264,10:11 Dal range Taparia,5/31/2025,23:29:49
265,12:13 Dal range Taparia,5/31/2025,23:30:35
266,1/2 Ltr. Brake oil TVS Dot 4,6/1/2025,23:51:41
267,Ace Mobil Cap,6/2/2025,20:34:50
268,"5/16""  Nut bolt 1""",6/2/2025,20:36:27
269,TC Axilator spring,6/2/2025,20:37:33
270,407 Tapid Cover Packing,6/5/2025,00:43:31
271,4 Hole Pump Packing,6/6/2025,17:53:36
272,19 No. Banjo Washer,6/6/2025,17:56:02
273,"5/16 Clatch bolt 2""",6/6/2025,17:58:54
274,5/16 Clatch bolt nut,6/6/2025,17:59:51
275,8 mm. Spring Washer,6/6/2025,18:00:23
276,5/16 Plane washer,6/6/2025,18:01:56
277,1612 Gear Liver End Rane,6/6/2025,21:37:19
278,Tirod Nut,6/6/2025,21:39:19
279,6304 Bearing HCH,6/6/2025,23:32:21
280,6206 Bearing HCH,6/6/2025,23:33:23
281,"8"" U Bolt Sumo",6/7/2025,22:29:18
282,2 Kg Grease Black,6/9/2025,00:14:34
283,Door lock Ace,6/9/2025,20:45:43
284,"5/16 Nut bolt 2""",6/9/2025,21:33:38
285,5/16 Steel Washer,6/9/2025,21:35:31
286,EK 598 V Belt,6/11/2025,23:57:06
287,EK 558 V Belt,6/11/2025,23:58:24
288,Head Light Switch Roots,6/12/2025,20:17:57
289,1 Kg. Grease Castrol,6/12/2025,20:19:17
290,6001 Bearing HCH,6/12/2025,20:22:08
291,3/8 Plastic pipe 11',6/12/2025,20:24:05
292,Banjo Bolt,6/12/2025,20:25:05
293,3/8 Hose Clamp,6/12/2025,20:26:12
294,60 Gear Box Oil Seal,6/13/2025,20:20:49
295,21:23 Dal range,6/16/2025,00:51:15
296,Cutting Shaft Bolt MM Thred TVS,6/16/2025,00:53:06
297,EE 482 V Belt,6/16/2025,17:17:26
298,912 Cutting Shaft Cross Sunflag,6/17/2025,21:37:21
299,Ace Rear stag,6/18/2025,19:52:59
300,EK 668 V Belt,6/19/2025,19:15:38
301,20 AMP. Mini Fuse,6/19/2025,19:52:12
302,10 AMP Mini Fuse,6/20/2025,00:17:43
303,912 Mobil Cap,6/20/2025,00:28:01
304,"2"" Tawa Bolt",6/21/2025,19:06:55
305,Centre Bearing Rubber JK,6/21/2025,19:24:19
306,"10"" Centre bolt L/H",6/21/2025,19:26:16
307,"8"" Centre bolt",6/21/2025,19:28:45
308,"5/16 4"" Clamp Bolt",6/21/2025,19:30:39
309,1510 Rear Side Washer Thin,6/21/2025,19:31:52
310,Intra UJ Cross EURO,6/21/2025,23:43:19
311,EE 492 V Belt,6/23/2025,19:37:24
312,3/86 Kit,6/23/2025,19:38:51
313,"6"" Centre bolt",6/23/2025,19:40:42
314,1/2 Ltr. TQ,6/23/2025,19:44:21
315,Ace Silencer Mounting,6/24/2025,19:49:50
316,TC Gear Liver End,6/25/2025,16:23:35
317,709 Gear Liver Kit,6/25/2025,16:24:54
318,Cutting Shaft Bolt + Lock nut,6/25/2025,16:26:43
319,5/16 nut,6/25/2025,16:27:40
320,Cross Lock,6/25/2025,16:29:21
321,"5/16 Nut bolt 3""",6/25/2025,16:30:47
322,"5/16 Bolt 1""",6/25/2025,16:32:53
323,Cloth Full,6/25/2025,18:51:57
324,EK 518 V Belt,6/11/2025,20:35:03
325,EK 798 V Belt,6/25/2025,23:39:19
326,EK 808 V Belt,6/25/2025,23:39:59
327,3/8 Clatch Padle Pin,6/26/2025,17:28:41
328,10 AMP. Fuse,6/26/2025,17:30:54
329,EE 442 V Belt,6/27/2025,21:53:33
330,88509 Centre Bearing Rubber WOWR Sunflag,6/28/2025,21:47:08
331,88509 Bearing Sunflag,6/28/2025,22:39:11
332,TC Centre Bearing Rubber Sainik,6/28/2025,22:43:05
333,Drag link Spring,6/28/2025,22:44:09
334,Drag link Boot,6/28/2025,22:45:34
335,Tirod Speed Pin Thick,6/28/2025,22:48:03
336,12 MM Spring Washer,6/28/2025,22:49:20
337,Jharon,6/30/2025,00:21:20
338,Single point,6/30/2025,16:53:15
339,"20"" Wiper Blade Wipex",6/30/2025,16:55:40
340,1250 Fanbelt,6/30/2025,23:55:49
341,EK 658 V Belt,6/30/2025,23:57:30
342,5 Ltr. CRB Turbomax,7/1/2025,17:53:18
343,Castrol Active 10 w 30,7/1/2025,17:55:14
344,1 Ltr. Oil King CNG,7/1/2025,17:57:02
345,1 Ltr.200 Ml. Mutul,7/1/2025,17:59:05
346,100 Ml. Brake Oil BOSCH,7/1/2025,18:06:03
347,18 No Wheel Range Taparia,7/1/2025,18:07:38
348,18 No Wheel Range Taparia,7/1/2025,18:08:40
349,21 No. Wheel Range Taparia,7/1/2025,18:10:08
350,"2"" Tawa Bolt Pat",7/2/2025,00:12:07
351,18 No Lock nut,7/2/2025,00:22:34
352,709 Turbo Tirod End Sunflag,7/2/2025,20:37:00
353,1 Ltr. Coolent TATA,7/2/2025,20:40:24
354,4PK720 Ace Fanbelt,7/2/2025,20:50:04
355,6305 Bearing HCH,7/3/2025,00:53:25
356,6306 Bearing HCH,7/3/2025,00:54:26
357,"18"" Wiper Blade Wipex Nut bolt",7/5/2025,01:09:11
358,EE 412 V Belt,7/5/2025,19:25:33
359,EK 678 V Belt,7/5/2025,22:26:47
360,Ace L Hose JK,7/6/2025,00:01:28
361,Air Tanky Nut Webco,7/7/2025,20:11:39
362,Radiator Jally Lock,7/8/2025,00:10:58
363,"1/4   4"" Nut bolt",7/8/2025,00:12:05
364,1 Ltr. Oyl King,7/8/2025,23:50:53
365,EK 538 V Belt,7/11/2025,17:12:51
366,EK 588 V Belt,7/11/2025,17:13:54
367,1210 Silencer Packing,7/12/2025,17:15:12
368,"1/4  3"" Nut bolt",7/12/2025,23:06:40
369,Ace Brake Pad Durafit,7/14/2025,19:50:01
370,Ace Water Pump TVS,7/16/2025,00:43:45
371,Ace Front Stag,7/16/2025,19:11:06
372,8/9 Dal range,7/17/2025,17:26:32
373,"5/16  3"" Clatch bolt",7/18/2025,14:44:46
374,Ace Front Brake Hose,7/18/2025,15:46:08
375,14 No. Banjo Washer,7/18/2025,15:46:52
376,Push Pull Switch - Super,7/18/2025,15:47:48
377,16 MM. Mounting washer,7/18/2025,22:20:10
378,Air Miter plastic pipe,7/18/2025,22:21:22
379,709 Air Brake Hose,7/19/2025,17:00:03
380,1109 Half Yoke Sunflag,7/19/2025,23:29:38
381,6207 Bearing TIMKIN,7/20/2025,21:34:28
382,Ace Rear Outer Oilseal RSK,7/20/2025,21:47:50
383,"2"" Cutting Shaft Bolt",7/22/2025,16:09:05
384,8 No. Plastic pipe socket,7/22/2025,16:15:40
385,TC Gear Liver Lattu,7/22/2025,16:16:20
386,709 Side Washer Thin,7/22/2025,16:18:54
387,"1:1/2"" Centre bolt",7/22/2025,16:20:35
388,Door Handle Ace,7/22/2025,16:23:13
389,10/11 Pipe Range,7/22/2025,23:46:00
390,21 No.Wheel Range Taparia,7/23/2025,17:26:20
391,709 King Pin Bati,7/23/2025,17:27:17
392,709 King Pin Rubber,7/23/2025,17:28:11
393,912 King Pin Cotter Pin,7/24/2025,17:21:01
394,"10 MM. 3"" Bolt",7/24/2025,23:29:27
395,EE 372 V Belt,7/26/2025,17:43:54
396,Horn Point Balak,7/26/2025,17:47:34
397,12 V LED light,7/27/2025,00:14:39
398,6302 Bearing SKF,7/28/2025,16:53:15
399,EK 508 V Belt,7/28/2025,16:55:48
400,10 No. 1:1/2 Nut bolt,7/28/2025,16:57:31
401,6 MM. Spring Washer,7/28/2025,16:59:50
402,Looking Glass Handle Small,7/28/2025,17:01:25
403,Dal Renge Set,7/28/2025,17:02:20
404,6302 ZZ Bearing SKF,7/29/2025,14:44:14
405,2441 Lamp Comet,7/29/2025,17:33:28
406,Horn Point ROOTS,7/31/2025,00:56:20
407,Wiper Arm Nut bolt Type Wipex,7/31/2025,23:43:22
408,Ace Axilator Wear O/M,7/31/2025,23:52:22
409,FK 558 V Belt,7/31/2025,23:53:25
410,"10 No  1/2"" Nut bolt",7/31/2025,23:57:14
411,6 MM. Steel Washer,7/31/2025,23:58:48
412,905 Screw Driver Taparia,8/1/2025,18:18:36
413,Ace Patti pin Double Nut,8/1/2025,18:21:47
414,Ace Shackle Patti,8/1/2025,18:22:51
415,1 Ltr. 90 Gear oil Balmerol,8/1/2025,22:20:28
416,Tc Gear Liver Kit Fatafat,8/3/2025,00:59:32
417,16 MM.  Steel Washer,8/3/2025,01:00:53
418,EK 618 V Belt,8/4/2025,14:00:37
419,1 Ltr. Coolent TATA Red,8/4/2025,14:32:17
420,EK 548 V Belt,8/4/2025,14:34:01
421,Ace Master Cilender Kit,8/5/2025,00:42:58
422,320/32 Bearing NBC,8/5/2025,00:46:38
423,EK 628 V Belt,8/5/2025,00:53:09
424,829 Screw Driver Taparia,8/5/2025,00:54:13
425,Fuse holder,8/5/2025,22:06:52
426,3/8 Steel Washer,8/5/2025,22:08:35
427,"5/16 Clatch bolt 1 1/2""",8/5/2025,22:09:34
428,250 ML. Brake Oil BOSCH,8/6/2025,17:39:13
429,Ace Tirod End Sunflag,8/6/2025,19:46:25
430,"3/8  2.5"" Nut bolt",8/7/2025,18:09:32
431,"5/16  2.5"" Nut bolt",8/7/2025,18:11:44
432,"3/8  4"" Nut bolt",8/7/2025,23:55:14
433,"5/16  1.5"" Nut bolt",8/7/2025,23:56:14
434,Ace nozel nari pipe,8/8/2025,18:18:57
435,200 Gram Grease Castrol,8/11/2025,19:23:25
436,Blind spot mirror,8/12/2025,19:18:18
437,Blind spot mirror handle,8/12/2025,19:19:57
438,709 Radiator Mounting,8/13/2025,00:36:21
439,20AMP. Fuse,8/13/2025,00:40:26
440,"Ace 7.5"" U Bolt",8/13/2025,00:44:40
441,Root board holder,8/13/2025,00:50:33
442,Ace Rear Left Wheel Cilender 19 No.,8/13/2025,16:37:57
443,"1/4  3"" Nut Bolt",8/13/2025,16:40:21
444,Ace Wheel Stag Washer,8/13/2025,16:50:43
445,12 No. Plastic pipe socket,8/14/2025,20:39:03
446,200 Gram Grease Balmerol,8/16/2025,20:51:59
447,12 V TT Horn Balak,8/18/2025,16:14:09
448,12 V Horn Tuner Roots,8/18/2025,16:27:12
449,Ace Rear Inner Oilseal JK,8/18/2025,16:31:37
450,Nozel Washer Double,8/19/2025,19:26:52
451,EK 688 V Belt,8/19/2025,19:27:56
452,Side light holder,8/20/2025,00:00:25
453,12 V Push Lamp,8/21/2025,18:39:48
454,15 AMP. Micro Fuse,8/21/2025,23:17:27
455,EE 542 V Belt,8/22/2025,21:45:23
456,Nari pipe,8/23/2025,16:45:36
457,1312 Cross Lock,8/23/2025,19:06:54
458,18/19 Dal Renge,8/26/2025,00:00:00
459,"3"" Cutting Shaft Bolt",8/26/2025,00:02:00
460,Intra looking Glass RH,8/26/2025,18:30:43
461,4 MM. Side Washer 1510,8/26/2025,21:33:44
462,19 No. Rubber Banjo Washer,8/27/2025,01:06:48
463,17 No. Rubber Banjo Washer,8/27/2025,01:07:49
464,Ace Cutting Shaft Cross R D H,8/28/2025,17:39:43
465,"1/4  1.5"" Nut bolt",8/28/2025,17:44:20
466,"19/19 Diesel Pipe 48""",8/29/2025,00:16:54
467,"20"" Wiper Blade Wipex Nut bolt Type",8/29/2025,00:22:12
468,B 29 V Belt,8/30/2025,17:37:40
469,A 28 V Belt,9/5/2025,15:44:52
470,"2.5"" Cutting Shaft Bolt",9/5/2025,20:46:20
471,FK 678 V Belt,9/7/2025,23:57:30
472,15 AMP. Mini fuse,9/8/2025,20:29:16
473,"1/2"" 4"" Clamp Bolt",9/8/2025,20:30:04
474,EE 402 V Belt,9/9/2025,16:01:24
475,Indicator light set,9/9/2025,20:07:33
476,Ace Cutting Shaft Cross Euro,9/10/2025,15:26:38
477,EE 382 V Belt,9/11/2025,19:54:06
478,T 126 King Pin Bearing TEXPIN,9/15/2025,20:18:15
479,279 Clatch Cilender Kit,9/20/2025,18:43:20
480,Ace Gear Tana Rod,9/20/2025,18:53:56
481,EK 478 V Belt,9/22/2025,18:42:20
482,3/84 Quick Release Valve Kit WEBCO,9/22/2025,18:43:18
483,1 Ltr. Coolent Gulf,9/22/2025,21:53:39
484,EK 578 V Belt,9/25/2025,00:38:14
485,Air Controlar Filter BS6 Part No.4324159252,9/25/2025,00:39:58
486,Cutting plas VENUS,9/25/2025,00:42:58
487,FK 588 V Belt,9/25/2025,00:48:16
488,FK 668 V Belt,9/25/2025,00:48:44
489,FK 688 V Belt,9/25/2025,00:49:19
490,EE 582 V Belt,9/26/2025,18:05:19
491,Horn Switch,9/26/2025,18:08:05
492,EK 408 V Belt,9/27/2025,18:41:35
493,Taflon tape,10/3/2025,21:27:27
494,Ace socker bush,10/4/2025,18:24:15
495,"1.5"" Tawa Bolt",10/4/2025,22:11:36
496,U bolt nut,10/4/2025,22:20:41
497,7/8 Dram Washer,10/4/2025,22:21:16
498,"3/8 2"" Nut bolt",10/6/2025,18:25:22
499,"17"" Wiper Blade Push Type NEOLUX",10/6/2025,18:28:57
500,2.5 Ltr. Distilled water,10/6/2025,21:44:29
501,43 T 12V  Head Light Lamp HELLA,10/7/2025,22:39:42
502,12 V 53 Lamp ROOTS,10/7/2025,22:42:03
503,Ace N/M U.J Cross SPG,10/9/2025,19:26:12
504,Steering Cover LAYLAND,10/9/2025,19:29:09
505,EK 398 V Belt,10/11/2025,17:38:16
506,6206 Bearing SKF,10/13/2025,20:40:06
507,6211 WOWR SUNFLAG,10/13/2025,23:21:30
508,250 ML. Brake Oil Dot 4 CASTROL,10/18/2025,01:05:36
509,Plastic Tai Midium,10/18/2025,18:12:05
510,6/7 Dal Renge,10/18/2025,18:14:05
511,67 Lamp 12V COMET,10/19/2025,00:30:57
512,Back light glass 4 chembur,10/19/2025,00:32:57
513,Screw,10/19/2025,00:34:10
514,5/16 Clatch Bolt 1:3/4,10/25/2025,18:45:55
515,Ace Front Hub Washer Thick,10/25/2025,18:47:10
516,3/84 Quick Release Valve Kit TVS,10/27/2025,18:16:16
517,Looking glass rod small,10/29/2025,18:19:37
518,EE 662 V Belt,10/30/2025,18:29:12
519,"5/16 Clatch Bolt 2.5""",11/1/2025,17:59:09
520,Ace Axilator wear N/M,11/4/2025,17:58:04
521,Ace Filter Set AUTOCOMP,11/4/2025,18:00:23
522,EK 768 V Belt,11/4/2025,23:26:54
523,50 GM. Grease CASTROL,11/5/2025,18:45:27
524,Ace Rear Wheel Packing,11/5/2025,23:48:44
525,6204 Bearing SKF,11/6/2025,19:48:57
526,1510 Axilator end,11/6/2025,23:43:53
527,"19/17 Diesal pipe 36""",11/8/2025,19:12:07
528,EE 592 V Belt,11/10/2025,19:42:10
529,EK 488 V Belt,11/12/2025,17:24:43
530,"1/4 2"" Nut bolt",11/14/2025,17:45:38
531,Ace Front Brake pipe,11/14/2025,17:49:14
532,Ace U J Cross SUNFLAG,11/14/2025,19:41:37
533,Ace Half Yoke SUNFLAG,11/14/2025,19:43:18
534,12 MM Steel Washer,11/16/2025,00:23:09
535,912 Diesel Filter TATA AUTOCOMP,11/17/2025,20:14:48
536,Push bottom switch ROOTS,11/18/2025,19:43:14
537,1312 Clatch Fork Bati,11/18/2025,20:20:20
538,Clatch Fork Cone,11/18/2025,20:23:27
539,Ace Water Pipe Packing,11/20/2025,18:37:40
540,Ace Chasma Packing,11/20/2025,18:40:14
541,6 No Plastic Socket,11/22/2025,18:53:34
542,Ace Gear Liver Kit Full,11/24/2025,23:53:18
543,407 Front U J Cross SUNFLAG,11/25/2025,20:19:55
544,"SE Rear 12"" U Bolt SAINIK",11/27/2025,23:42:40
545,3/8 Nut,11/27/2025,23:44:35
546,3/8 Plastic Pipe,11/28/2025,00:24:48
547,1109 Centre Bearing Rubber SUNFLAG,12/1/2025,18:43:23
548,EK 718 V Belt,12/3/2025,20:34:38
549,EE 512 V Belt,12/3/2025,20:35:38
550,Tirod cap 1210,12/4/2025,17:28:04
551,Clatch lather Black TVS,12/5/2025,20:10:47
552,Main Fuse Holder ROOTS,12/5/2025,20:49:46
553,Front Engine Mounting Eicher JK,12/6/2025,19:39:00
554,A 30 V Belt,12/7/2025,00:20:55
555,1325 Fanbelt,12/7/2025,22:46:49
556,Ace steering Cover,12/8/2025,16:02:50
557,B 30 V Belt,12/8/2025,22:54:11
558,Push Pull Switch PICO,12/9/2025,18:43:11
559,Maximo shackle patti,12/10/2025,19:35:30
560,6200 Bearing HCH,12/10/2025,19:45:28
561,EK 348 V Belt,12/11/2025,18:44:02
562,Main Line Switch SUPER,12/11/2025,18:44:49
563,995 Fan Belt,12/13/2025,19:39:20
564,5/16  1.25 Clatch Bolt,12/13/2025,23:56:55
565,"10 mm. 4"" Nut bolt",12/13/2025,23:58:54
566,903 Clatch Calendar Kit,12/15/2025,16:40:30
567,Ace stug Nut,12/15/2025,18:15:38
568,21 no. Gear Box Bolt,12/17/2025,19:34:25
569,14 mm. Spring Washer,12/17/2025,19:36:08
570,Ace Looking Glass TATA,12/18/2025,19:28:21
571,Pump packing,12/19/2025,23:31:57
572,Ace Tirod End SELBRO,12/24/2025,00:17:58
573,1 kg Grease White,12/23/2025,00:19:51
574,AC Pump Valve Spring RSK,12/26/2025,19:13:31
575,J00M Hose Clamps JOLLY,12/26/2025,19:16:04
576,6000 Bearing HCH,12/26/2025,20:45:53
577,Screw Driver Small Local,12/26/2025,20:46:48
578,"10"" Convex Looking Glass EMPERIA",12/26/2025,20:48:56
579,B 29 V Belt JK Transpower,12/26/2025,20:49:54
580,"Ace 2.5"" Patti Clamp",12/27/2025,18:39:56
581,"36"" plastic pipe 14 +14 Nut + Nut",12/27/2025,19:28:49
582,"60"" Plastic Pipe 14 + 14 Nut + Nut",12/27/2025,19:30:38
583,Ace radiator cap SIPPY,12/27/2025,19:57:52
584,"17 x 19 Diesel Pipe 48""",12/27/2025,20:02:12
585,5/8 U Bolt Washer,12/27/2025,20:03:52
586,7/8 U Bolt Washer,12/27/2025,20:05:02
587,407 Turbo Axilator Cable,12/27/2025,20:07:06
588,43 T 12 V Head Light Lamp JAGAN,12/27/2025,20:08:34
589,1/2 Ltr Brake Oil TVS Dot 3 Yellow,12/27/2025,20:20:03
590,250 Ml. Brake Oil TVS Dot 3 Yellow,12/27/2025,20:23:31
591,1/4 Nut,12/28/2025,00:23:45
592,"10 no. 2"" Nut bolt",12/29/2025,20:00:36
593,912 Rear Outer Oil Seal PIONEER,12/29/2025,20:03:12
594,1 kg. Grease BALMEROL Red,12/29/2025,20:04:22
595,Ace Hit Plug TATA DURAFIT,12/30/2025,20:25:11
596,Ace brake pipe 9754,12/31/2025,15:23:11
597,Ace Clatch Plate CEEKEY,12/31/2025,17:51:27
598,Ace Clatch Bearing TEXPIN,12/31/2025,17:52:32
599,6201 Bearing SKF,12/31/2025,17:53:26
600,Ace Patti Pin Single Nut,1/19/2026,13:41:34
601,Ace Chember Packing RINON,1/19/2026,20:17:01
602,1/4 Steel Washer,1/19/2026,20:18:31
603,Ace Water Pump Packing,1/19/2026,20:20:49
604,B 28 V Belt,1/19/2026,21:54:44
605,912 Fork Patti Set,1/20/2026,12:35:20
606,1/2 Ltr.Gear oil HP,1/22/2026,13:29:25
607,Sly Range,1/30/2026,12:15:41
608,EE 502 V Belt,2/9/2026,18:57:17
609,"24"" 10 MM Coolent pipe",2/13/2026,14:01:54
610,1312 Steering Cross SUNFLAG,2/17/2026,22:15:12
611,Air nut washer,2/20/2026,20:18:59
612,709 Patti Bush Iron,3/5/2026,16:31:52
613,30 20 4 Bearing TIMKIN,3/5/2026,16:35:48
614,320/32 Bearing TIMKIN,3/5/2026,16:37:00
615,ACE Front Oil Seal (JK),3/5/2026,16:39:18
616,T63 Ace King Pin Bearing Sunflag,3/18/2026,20:08:59
617,320/32 Bearing NBC,3/18/2026,20:10:24
618,Ace King Pin Sime Thin,3/18/2026,20:11:39
619,Ace King Pin Cotter Pin,3/18/2026,20:12:17
620,Ace Front Wheel Socket,3/18/2026,20:13:48
621,Roots Cleartone horn point,3/18/2026,23:46:30
622,Cutting Shaft Bolt Lock Nut,3/23/2026,20:50:12
623,"12"" Rear Patti Clamp",3/24/2026,23:23:39
624,EE 522 V Belt,4/11/2026,01:19:49
625,30204 Bearing NBC,4/11/2026,01:24:47
626,SM 1 Brake Su AUTOCOMP,4/11/2026,01:29:48
628,3 Kg. Grease red BALMEROL,4/11/2026,01:33:31
627,3kg. Grease red,4/11/2026,01:32:24
629,T 151 King Pin Bearing TEXPIN,4/11/2026,01:34:51
630,1312 King Pin Bati,4/11/2026,01:35:58
631,1322 King Pin Rubber,4/11/2026,01:36:46
632,30204 Bearing TIMKIN,4/19/2026,12:57:33
633,320/32 Bearing IMB,4/19/2026,12:58:51
634,Ace Elbow TATA,4/19/2026,13:02:55
635,Dal Range Set TAPARIA,4/19/2026,13:05:56
636,Ace Tapid Cover Packing TATA,4/19/2026,13:13:35
637,Battery jip clamp,4/19/2026,13:24:26
638,1 kg. Grease CASTROL Longlife,4/19/2026,13:34:26
639,Ace silencer packing,4/21/2026,23:45:02
640,6005 Bearing HCH,4/22/2026,15:30:46
641,Battery clip,4/22/2026,23:49:07
642,Tapid Rocker Screw,4/25/2026,15:45:47
643,Ace stag nut,4/25/2026,23:27:53
644,WD 40 170 g.,4/26/2026,23:26:43
645,1210 U J CROSS SUNFLAG,5/2/2026,19:24:34
646,1210 REAR YOKE SUNFLAG,5/2/2026,19:25:36
647,1 Ltr. Coolent TATA Blue,5/2/2026,19:27:42
648,6203 Bearing SKF,5/11/2026,20:58:41
649,10610 Center Bearing Rubber JK,5/11/2026,21:01:25
650,407 pickup/ Jcb 3DX Cross Sunflag,5/11/2026,21:03:26
651,608 Tirod End Sunflag,5/12/2026,17:52:26
652,1/2 Ltr. TQ TVS,5/15/2026,20:22:42
653,EE 332 V Belt,5/16/2026,15:08:52
654,Tie Big Thin,5/17/2026,00:35:28
655,1 Ltr. TQ TVS,5/19/2026,00:41:55
656,250 Ml. Brake Oil KBX,5/19/2026,23:49:00
657,1109 Gear fork Patti set,5/27/2026,16:55:11
658,6202 Bearing SKF,6/15/2026,17:47:38
659,16 mm Rubber Banjo Washer,6/18/2026,23:51:42
660,1/2 Ltr.Gear Oil Balmerol,6/18/2026,23:53:32
661,6205 Bearing SKF,6/21/2026,23:15:35
662,"Ace 2.5"" U Bolt",6/26/2026,00:10:13
663,"3/8 8""Center Bolt",6/26/2026,00:22:09
664,15 MM Spring Washer,6/26/2026,00:24:31
665,Wiper arm WIPEX Ace Magic,6/26/2026,14:52:07
666,Clatch Bearing Lock,7/1/2026,23:39:58
667,Looking Glass Rod Big,7/1/2026,23:42:09
668,Ace Clatch Cable TATA,7/2/2026,15:42:26
669,5 Ltr. CRB Turbomax,7/8/2026,20:45:00
670,Super Ace/ Intra Mobil Filter TATA,7/8/2026,20:46:07
671,"17/19 Diesel pipe 24"" RANDEEP",7/10/2026,15:49:41
672,Ace glass regulator handle,7/13/2026,18:14:09
673,EE 642 V Belt,7/18/2026,23:13:12
674,12 V Fog Light Lamp,7/28/2026,00:23:00
675,Ace silencer only jally,7/30/2026,18:37:42
676,6306 Bearing ELITE,8/2/2026,13:40:49
677,1210 Acceletar end,8/2/2026,13:45:45
678,Screw driver SMALL,8/2/2026,13:51:07
679,Screw driver MEDIUM,8/2/2026,13:51:59
680,Screw driver BIG,8/2/2026,13:52:39
681,"17"" Wiper blade WIPEX with Nut Boult",8/2/2026,14:45:51
682,"20"" Wiper blade PUSH Type WIPEX",8/2/2026,14:49:13
683,"17"" Wiper Blade PUSH Type",8/2/2026,14:51:54
684,"20"" Wiper Blade CLIP Type",8/2/2026,14:54:25
685,"17"" Wiper Blade CLIP Type",8/2/2026,14:55:48
686,Plastic tape MEDIUM,8/2/2026,15:03:27
687,1510 Clatch Release Hub,8/3/2026,01:39:26
688,Super Ace Cross SUNFLAG,8/3/2026,19:18:53
689,Tirod repair kit Tata 709/909,8/3/2026,19:21:17
690,18 mm Spring Washer,8/4/2026,01:49:10
691,Ace Diesel Tank Cap 5415,8/6/2026,15:18:14
692,"Ace 2"" Patti Clamp",8/6/2026,20:41:59
693,EE 322 V Belt,8/7/2026,23:59:32
694,1.2 Ltr. Mobil MUTUL,8/10/2026,19:52:44
695,EE 632 V Belt,8/12/2026,15:51:50
696,Ace brake pipe 9762,8/13/2026,14:44:33
697,1/2 KG GREASE BALMEROL RED,8/14/2026,14:43:30
698,"Ace 3.5"" U Bolt",8/14/2026,14:55:19