ID,PID,Quantity,Price,Date,Time
1,31,10,220,7/1/2025,17:48:06
2,24,20,154,7/1/2025,17:49:30
3,29,10,310,7/1/2025,17:50:29
4,3,10,340,7/1/2025,17:50:51
5,179,10,220,7/1/2025,17:51:11
6,26,2,380,7/1/2025,17:51:41
7,192,3,835,7/1/2025,17:52:04
8,213,2,650,7/1/2025,17:52:38
9,342,1,1550,7/1/2025,17:53:10
10,89,10,73,7/1/2025,17:54:30
11,343,2,380,7/1/2025,17:55:11
12,243,2,155,7/1/2025,17:56:09
13,344,10,135,7/1/2025,17:56:42
14,345,1,460,7/1/2025,17:58:49
15,4,24,135,7/1/2025,18:03:22
16,229,2,260,7/1/2025,18:03:47
17,6,4,70,7/1/2025,18:04:19
18,282,2,230,7/1/2025,18:04:41
19,346,8,20,7/1/2025,18:05:47
20,347,2,145,7/1/2025,18:07:35
21,348,1,160,7/1/2025,18:08:35
22,349,1,170,7/1/2025,18:10:05
23,237,4,75,7/1/2025,18:11:02
24,310,1,240,7/1/2025,18:11:29
25,574,10,25,12/26/2025,19:13:05
26,111,20,29.5,12/26/2025,19:14:27
27,575,25,6.8,12/26/2025,19:15:55
28,134,5,100,12/26/2025,19:17:15
29,77,6,80,12/26/2025,19:17:53
30,69,6,70,12/26/2025,19:18:12
31,124,10,70,12/26/2025,19:18:42
32,448,4,160,12/26/2025,19:19:43
33,221,4,36,12/26/2025,19:20:07
34,475,2,75,12/26/2025,19:20:38
35,70,100,1.2,12/26/2025,19:21:00
36,512,2,65,12/26/2025,19:21:58
37,340,1,358,12/26/2025,20:37:25
38,48,1,75,12/26/2025,20:37:53
39,199,10,9,12/26/2025,20:38:35
40,482,2,270,12/26/2025,20:39:00
41,516,1,240,12/26/2025,20:39:23
42,93,2,350,12/26/2025,20:39:45
43,257,1,550,12/26/2025,20:40:06
44,369,1,380,12/26/2025,20:43:19
45,551,2,570,12/26/2025,20:43:42
46,566,1,280,12/26/2025,20:44:10
47,43,4,50,12/26/2025,20:45:16
48,576,4,28,12/26/2025,20:45:42
49,577,6,21,12/26/2025,20:46:31
50,203,2,170,12/26/2025,20:47:42
51,276,200,0.6,12/26/2025,20:48:26
52,578,16,50,12/26/2025,20:48:53
53,579,5,100,12/26/2025,20:49:48
54,581,2,65,12/27/2025,19:28:36
55,582,2,83,12/27/2025,19:30:26
56,214,2,117,12/27/2025,19:59:49
57,466,2,137,12/27/2025,20:00:23
58,527,2,117,12/27/2025,20:00:48
59,584,2,137,12/27/2025,20:01:26
60,585,72,4.5,12/27/2025,20:03:33
61,586,48,5.42,12/27/2025,20:04:52
62,416,10,55,12/27/2025,20:05:44
63,542,2,95,12/27/2025,20:06:37
64,587,2,160,12/27/2025,20:07:04
65,79,10,32,12/27/2025,20:08:04
66,588,10,90,12/27/2025,20:08:25
67,20,4,65,12/27/2025,20:10:15
68,464,4,250,12/27/2025,20:11:00
69,31,10,205,12/27/2025,20:11:57
70,24,10,152,12/27/2025,20:12:14
71,4,10,135,12/27/2025,20:12:32
72,29,14,310,12/27/2025,20:12:48
73,179,10,222,12/27/2025,20:13:51
74,89,10,70,12/27/2025,20:14:09
75,103,10,208,12/27/2025,20:14:30
76,230,6,225,12/27/2025,20:15:27
77,102,3,220,12/27/2025,20:15:55
78,314,5,120,12/27/2025,20:16:13
79,192,3,820,12/27/2025,20:16:47
80,213,1,660,12/27/2025,20:17:02
81,201,2,660,12/27/2025,20:17:41
82,1,4,120,12/27/2025,20:18:02
83,9,4,72,12/27/2025,20:18:27
84,212,4,60,12/27/2025,20:19:01
85,104,4,120,12/27/2025,20:19:22
86,589,10,110,12/27/2025,20:19:51
87,220,2,380,12/27/2025,20:22:19
88,590,6,60,12/27/2025,20:23:17
89,428,6,40,12/27/2025,20:25:37
90,81,100,0.3,12/27/2025,20:26:52
91,625,2,216,4/19/2026,11:38:25
92,422,4,292,4/19/2026,12:56:12
93,108,2,330,4/19/2026,12:56:58
94,632,1,301,4/19/2026,12:57:23
95,614,1,314,4/19/2026,12:58:06
96,633,2,145,4/19/2026,12:58:40
97,280,2,106,4/19/2026,12:59:57
98,45,6,67,4/19/2026,13:00:40
99,114,4,77,4/19/2026,13:01:04
100,487,2,195,4/19/2026,13:01:42
101,79,10,35,4/19/2026,13:02:07
102,634,4,104,4/19/2026,13:02:50
103,160,10,13,4/19/2026,13:03:37
104,19,10,16,4/19/2026,13:04:06
105,198,2,17,4/19/2026,13:04:31
106,22,2,20,4/19/2026,13:04:50
107,458,2,27,4/19/2026,13:05:25
108,635,1,280,4/19/2026,13:05:53
109,240,50,4.85,4/19/2026,13:07:16
110,274,25,1.7,4/19/2026,13:08:03
111,516,2,280,4/19/2026,13:09:17
112,369,2,370,4/19/2026,13:10:18
113,520,2,380,4/19/2026,13:10:50
114,595,2,200,4/19/2026,13:11:10
115,597,1,1450,4/19/2026,13:12:07
116,636,2,260,4/19/2026,13:13:24
117,448,2,160,4/19/2026,13:14:47
118,9,4,65,4/19/2026,13:15:06
119,1,4,110,4/19/2026,13:15:56
120,69,6,70,4/19/2026,13:16:17
121,77,6,85,4/19/2026,13:16:40
122,48,5,80,4/19/2026,13:18:29
123,132,12,66.25,4/19/2026,13:18:49
124,397,6,105,4/19/2026,13:20:38
125,447,4,220,4/19/2026,13:21:05
126,156,2,270,4/19/2026,13:22:03
127,82,12,50,4/19/2026,13:22:49
128,637,12,11.67,4/19/2026,13:23:22
129,3,20,345,4/19/2026,13:25:22
130,29,20,320,4/19/2026,13:25:46
131,179,20,245,4/19/2026,13:26:13
132,4,10,150,4/19/2026,13:27:01
133,24,10,160,4/19/2026,13:27:29
134,102,6,240,4/19/2026,13:27:49
135,26,4,380,4/19/2026,13:28:31
136,218,4,195,4/19/2026,13:29:07
137,35,6,120,4/19/2026,13:30:13
138,314,6,125,4/19/2026,13:30:39
139,282,4,280,4/19/2026,13:31:11
140,104,4,140,4/19/2026,13:32:02
141,573,2,150,4/19/2026,13:33:39
142,638,1,350,4/19/2026,13:34:12
143,428,10,40,4/19/2026,13:35:38
144,89,10,78,4/19/2026,13:36:22
145,31,10,220,4/19/2026,13:26:30
146,576,2,33,8/2/2026,13:36:05
147,105,4,22,8/2/2026,13:36:53
148,560,4,36,8/2/2026,13:37:27
149,44,4,50,8/2/2026,13:38:20
150,45,6,68,8/2/2026,13:39:03
151,114,4,78,8/2/2026,13:39:38
152,676,2,195,8/2/2026,13:40:27
153,648,4,160,8/2/2026,13:42:15
154,525,4,230,8/2/2026,13:42:49
155,661,2,298,8/2/2026,13:43:20
156,526,8,35,8/2/2026,13:44:02
157,677,8,25,8/2/2026,13:45:42
158,635,1,300,8/2/2026,13:46:53
159,206,2,88,8/2/2026,13:48:41
160,160,10,13,8/2/2026,13:49:12
161,198,2,17,8/2/2026,13:49:41
162,607,1,110,8/2/2026,13:50:04
163,678,4,22,8/2/2026,13:50:36
164,679,4,104,8/2/2026,13:51:54
165,680,2,30,8/2/2026,13:52:30
166,458,2,27,8/2/2026,13:53:09
167,138,4,26,8/2/2026,13:53:33
168,662,4,27,8/2/2026,13:54:01
169,203,2,180,8/2/2026,13:54:23
170,283,1,168,8/2/2026,14:39:06
171,672,4,33,8/2/2026,14:39:38
172,82,12,55,8/2/2026,14:40:22
173,48,4,80,8/2/2026,14:41:44
174,11,10,84,8/2/2026,14:42:25
175,34,10,44,8/2/2026,14:43:07
176,36,4,72,8/2/2026,14:43:35
177,467,4,80,8/2/2026,14:44:40
178,681,4,80,8/2/2026,14:45:16
179,407,4,90,8/2/2026,14:47:54
180,682,2,80,8/2/2026,14:48:24
181,683,4,65,8/2/2026,14:51:17
182,665,4,90,8/2/2026,14:53:30
183,684,4,85,8/2/2026,14:54:18
184,685,4,65,8/2/2026,14:55:46
185,1,4,110,8/2/2026,14:56:26
186,9,4,65,8/2/2026,14:56:46
187,235,12,30.5,8/2/2026,14:58:49
188,121,40,7.5,8/2/2026,14:59:28
189,405,20,8.5,8/2/2026,15:00:42
190,145,2,170,8/2/2026,15:01:11
191,47,4,187.5,8/2/2026,15:01:53
192,51,30,7,8/2/2026,15:02:54
193,686,10,12,8/2/2026,15:03:24
194,224,6,55,8/2/2026,15:05:56
195,397,4,105,8/2/2026,15:06:19
196,77,6,85,8/2/2026,15:08:36
197,216,3,665,8/2/2026,15:09:32
198,134,4,110,8/2/2026,15:10:18
199,74,12,27.5,8/2/2026,15:11:00
200,369,2,375,8/2/2026,15:11:42
201,668,1,400,8/2/2026,15:12:27
202,595,2,200,8/2/2026,15:13:43
203,288,10,80,8/2/2026,15:14:17
204,220,2,470,8/2/2026,15:16:02
205,28,20,425,8/2/2026,15:16:23
206,102,5,230,8/2/2026,15:16:49
207,179,20,275,8/2/2026,15:17:13
208,243,4,150,8/2/2026,15:17:35
209,133,2,850,8/2/2026,15:18:12
210,29,10,330,8/2/2026,15:18:32
211,6,6,75,8/2/2026,15:19:01
212,212,6,65,8/2/2026,15:19:36
213,95,25,18,8/2/2026,15:20:26
214,656,10,40,8/2/2026,15:20:59
215,218,2,170,8/2/2026,15:21:41
216,26,2,320,8/2/2026,15:22:57
217,342,1,1700,8/2/2026,15:24:11
218,213,1,810,8/2/2026,15:24:37
219,606,6,125,8/2/2026,15:31:00